id,y_DFT,y_pred_scratch,y_pred_pretrained,is_stable_DFT
Type4-CrWGeN,238.619,266.9465,265.1402,False
Type4-CoMoAlC,239.597,332.4996,318.11163,False
Type4-NiNbGeP,256.689,398.04343,286.0627,False
Type4-FeScGaB,312.52,262.8147,258.39194,False
Type4-CoCuSiB,526.895,476.44812,413.80554,False
Type4-FeNiGaC,248.697,241.89499,268.2375,False
Type4-VFeGeB,320.651,324.2882,241.36641,False
Type4-CrFeAlC,122.812,103.25076,121.73094,False
Type4-MnCoGeN,277.908,206.79892,265.4462,False
Type4-CrZrGaN,279.194,281.37946,143.97586,False
Type4-FeHfGeB,209.177,257.35733,192.26018,False
Type4-CrWAlC,37.397,64.92284,81.141174,False
Type4-VMoGaP,225.591,288.4722,213.38771,False
Type4-VWGeB,157.621,155.0563,144.3145,False
Type4-MnNbSiN,372.665,377.8449,384.9925,False
Type4-VNbAlN,91.159,58.250626,106.34531,False
Type4-NiNbAlB,407.375,435.67355,375.03824,False
Type4-CoTaSiP,277.669,511.62988,392.69794,False
Type4-FeZrAlC,301.845,343.65292,312.41473,False
Type4-VTiGaC,-3.197,4.313446,-2.9480286,True
Type4-CrHfGeN,280.775,276.08514,160.9202,False
Type4-FeNiGeN,333.114,361.8704,385.20328,False
Type4-CoNbGeC,195.139,262.1421,193.22797,False
Type4-FeHfSiC,397.438,421.732,358.89478,False
Type4-MnTaAlB,268.375,265.55966,231.32408,False
Type4-VTaSiP,266.28,393.65726,290.3581,False
Type4-VNiSiP,352.317,424.41263,323.2144,False
Type4-MnScGeC,109.644,107.085236,70.34253,False
Type4-CoNiGaB,217.111,197.62555,202.25284,False
Type4-VNiAlP,337.641,432.61884,389.22906,False
Type4-MnCuGaB,475.167,410.08154,392.94232,False
Type4-NiHfGaC,409.449,456.65146,327.15567,False
Type4-NiTiAlP,281.229,502.51642,392.5431,False
Type4-CrHfGaN,272.529,289.83484,185.65887,False
Type4-VCuSiP,347.083,390.14722,298.7107,False
Type4-CrMnGeP,281.539,312.984,219.96077,False
Type4-CrYGaN,350.936,272.9127,199.436,False
Type4-CoMoGeN,363.76,354.3703,328.4072,False
Type4-MnNiGaB,324.101,307.87607,279.85587,False
Type4-CrFeGaC,68.394,70.05293,48.341278,False
Type4-FeNbSiB,321.541,428.06342,332.24353,False
Type4-NiCuSiN,939.318,971.9231,964.76917,False
Type4-FeCoAlC,254.831,240.41423,290.69547,False
Type4-MnNiAlC,357.772,316.32858,357.10736,False
Type4-VWGaN,264.154,283.5161,231.03416,False
Type4-CrHfGaP,293.561,374.2846,284.36935,False
Type4-FeCoAlP,314.512,366.5536,301.51263,False
Type4-NiYGeP,185.389,356.05487,300.95547,False
Type4-FeTiGaN,347.041,341.4183,309.5416,False
Type4-FeCuAlB,422.8,379.55347,388.20084,False
Type4-CoNiSiC,580.404,560.53296,604.36053,False
Type4-VMoSiN,338.39,336.71384,302.7613,False
Type4-MnHfAlB,284.384,277.68594,262.56067,False
Type4-FeMoAlB,269.383,313.1711,241.51581,False
Type4-VNbSiB,269.753,303.82208,261.0512,False
Type4-FeScSiB,350.023,293.07828,257.15387,False
Type4-VNiGeP,251.887,332.2916,308.8288,False
Type4-NiNbGeB,199.452,427.03082,273.77634,False
Type4-VHfAlB,306.993,346.3446,302.73218,False
Type4-VCrGeC,5.946,6.338257,0.05029297,True
Type4-VTiGeB,254.379,277.22122,212.27446,False
Type4-MnFeGeC,140.569,143.16724,133.24638,False
Type4-CrHfSiB,368.27,414.9367,337.7462,False
Type4-NiCuGeP,225.491,294.05444,255.70782,False
Type4-CoNbGaC,208.433,224.01608,167.89629,False
Type4-NiWGeC,515.294,440.58353,435.42975,False
Type4-MnScAlB,335.644,270.40182,288.83804,False
Type4-FeNbGaB,256.061,258.73767,194.50749,False
Type4-VNiGaB,423.691,448.47263,355.56195,False
Type4-NiNbGaP,225.975,407.91815,320.7279,False
Type4-VCrGeP,180.645,264.7163,188.84993,False
Type4-CoCuGaN,322.033,385.81387,397.43222,False
Type4-VWGeN,332.793,389.81384,320.64404,False
Type4-NiScGeB,236.992,369.8145,269.0108,False
Type4-FeScAlC,129.528,164.80702,202.71457,False
Type4-VMnSiP,306.486,440.55383,309.08627,False
Type4-NiYSiP,288.501,461.98444,392.2696,False
Type4-CoTiGaP,132.482,287.838,178.94936,False
Type4-CrZrGaB,378.398,370.76398,307.8543,False
Type4-VCoGaC,164.933,191.81009,82.0394,False
Type4-MnNbAlP,323.345,266.49292,318.48767,False
Type4-FeWGeP,238.088,300.24152,235.96393,False
Type4-CrMnGeC,70.191,74.420044,45.615753,False
Type4-CrMoGeN,151.44,167.78131,134.55983,False
Type4-CrFeSiP,299.389,318.68152,341.1998,False
Type4-NiTaGeP,327.071,441.61768,380.8207,False
Type4-VCoSiP,249.176,442.72153,296.05664,False
Type4-VTiGeN,41.447,25.707153,18.090363,False
Type4-CrScGeP,262.266,229.80457,249.1278,False
Type4-MnScGeB,426.924,374.185,359.96072,False
Type4-CrMnSiC,172.108,167.76334,142.75713,False
Type4-MnYGeC,341.142,235.34259,160.85783,False
Type4-FeCuAlN,779.998,820.9415,824.3163,False
Type4-VZrGaC,81.58,106.01985,33.237396,False
Type4-CoScGeB,243.882,352.26434,264.66232,False
Type4-VCoGeC,167.334,229.93796,227.43195,False
Type4-CrNbAlN,246.879,288.4595,240.83096,False
Type4-CoTaGeC,242.78,297.7928,233.4425,False
Type4-CrTaGaC,46.615,67.68501,44.561737,False
Type4-MnFeSiC,256.721,249.37915,270.0251,False
Type4-MnTiAlC,124.966,131.84854,96.66374,False
Type4-VFeAlP,274.533,246.51758,265.34152,False
Type4-FeCuGeN,289.133,375.72137,413.47388,False
Type4-CrYGaC,293.455,135.22404,104.42825,False
Type4-MnFeGaP,253.944,273.3662,274.44626,False
Type4-MnZrSiP,320.098,475.02097,377.44983,False
Type4-FeHfAlP,266.541,485.92706,315.24243,False
Type4-VNiGaP,239.199,317.8044,267.28958,False
Type4-NiHfAlB,315.611,403.30573,363.0238,False
Type4-CoTiGaN,401.284,378.51385,343.1483,False
Type4-CoCuGeB,390.274,305.0336,390.43372,False
Type4-FeCoGaB,217.138,200.68283,209.57161,False
Type4-CoYGaC,220.215,219.81033,120.305145,False
Type4-MnNiAlN,561.379,575.25354,598.32776,False
Type4-MnYGaN,436.889,332.6862,242.20001,False
Type4-CrTaAlC,53.901,48.177002,58.976395,False
Type4-VNiGaN,434.921,443.77655,411.17676,False
Type4-CoTaAlC,385.543,358.85138,337.84622,False
Type4-FeScGeP,173.325,227.14261,207.13052,False
Type4-CrTaGeN,259.013,297.49667,168.98709,False
Type4-NiYSiC,335.556,361.99487,351.36203,False
Type4-CrHfSiN,410.358,412.93945,348.4326,False
Type4-VTiAlP,264.711,319.73013,262.38336,False
Type4-CrYSiP,544.857,515.29254,461.20587,False
Type4-NiYAlN,757.849,783.20056,712.54034,False
Type4-VYGaN,313.922,268.07776,164.97777,False
Type4-CoHfSiN,575.132,618.63525,589.7903,False
Type4-VFeSiC,269.169,259.97076,253.73119,False
Type4-CoScAlN,725.707,690.08984,620.50256,False
Type4-VNbSiN,186.24,192.03476,139.09201,False
Type4-NiYGeC,304.524,412.654,227.94412,False
Type4-VScAlN,130.632,155.85658,86.345764,False
Type4-CrNiGaB,355.282,398.63797,334.29898,False
Type4-MnTaGaN,252.466,291.45203,241.5013,False
Type4-CrYSiN,525.486,439.07782,390.8236,False
Type4-CrWSiN,404.615,411.77435,375.95468,False
Type4-MnCuGaC,381.981,371.45245,318.08936,False
Type4-MnCuGeN,288.095,354.45605,315.33066,False
Type4-MnHfGeP,131.766,308.1638,223.6106,False
Type4-NiNbGeN,491.558,474.04355,446.41833,False
Type4-CoTiGeB,177.235,289.5188,195.79112,False
Type4-FeMoSiC,247.097,285.44693,312.10416,False
Type4-CrNbAlP,358.923,359.26544,326.54407,False
Type4-VNbGaC,35.269,46.13748,29.235535,False
Type4-VNbGeP,126.49,264.07974,203.70493,False
Type4-NiCuSiB,491.832,445.37518,487.15503,False
Type4-FeYSiC,347.757,272.78305,269.27698,False
Type4-MnNiGeB,311.346,346.4941,333.0345,False
Type4-CrYAlN,488.195,415.0046,339.41647,False
Type4-MnZrSiB,385.304,418.7813,368.28275,False
Type4-NiScGaB,260.862,335.65668,230.43475,False
Type4-NiMoGeN,405.014,411.34253,409.94238,False
Type4-MnMoGeN,146.942,199.66719,201.27376,False
Type4-CrNiGeC,356.191,311.4489,290.8372,False
Type4-CrTaSiB,253.837,382.6001,239.65276,False
Type4-NiZrAlN,646.044,661.84296,621.0963,False
Type4-MnFeAlC,78.397,103.069214,117.0316,False
Type4-MnYAlN,574.673,527.66583,439.25867,False
Type4-NiTaSiB,237.963,421.3865,377.0298,False
Type4-FeWGeB,211.503,310.6456,216.19824,False
Type4-NiWGaC,412.136,389.49728,401.30927,False
Type4-FeScSiN,614.07,654.62317,583.9907,False
Type4-FeZrSiB,377.576,364.78293,254.8864,False
Type4-CoYAlB,229.864,310.39597,306.9649,False
Type4-VCoGaB,331.923,323.3111,287.2121,False
Type4-VYSiN,396.977,322.25122,326.07736,False
Type4-NiTaAlN,607.104,516.28973,511.6797,False
Type4-FeWGeC,214.298,298.57562,258.90796,False
Type4-MnYGeP,318.308,324.83362,286.04053,False
Type4-CrZrAlC,179.458,174.34964,129.91537,False
Type4-NiMoAlC,401.173,416.46835,415.43646,False
Type4-FeMoSiN,423.763,429.72946,419.45715,False
Type4-FeWAlC,186.18,272.7203,250.22021,False
Type4-NiHfGeB,219.684,470.82153,253.18182,False
Type4-FeZrAlP,259.418,405.85944,322.30148,False
Type4-MnNbSiB,322.654,411.17664,325.0981,False
Type4-NiScGeC,223.99,364.54868,182.15709,False
Type4-CrFeGaN,149.672,182.26334,178.23155,False
Type4-MnZrGaC,156.978,139.61331,95.20445,False
Type4-VTiGaB,258.954,283.7367,212.0444,False
Type4-MnZrAlC,249.179,256.0265,186.97409,False
Type4-VHfSiP,254.425,385.83813,320.4589,False
Type4-CrCuSiC,548.158,495.10968,487.34512,False
Type4-MnScGeN,327.684,336.5407,263.57483,False
Type4-NiHfSiP,262.146,461.17014,396.4522,False
Type4-FeHfAlN,525.983,422.25403,471.7553,False
Type4-VNbGaN,31.806,38.423615,59.388412,False
Type4-FeZrSiN,605.259,594.96234,591.77966,False
Type4-CrFeGaB,319.079,325.4979,234.10799,False
Type4-CrMoAlC,19.638,36.589752,46.83145,True
Type4-NiYSiB,171.739,334.2741,262.30704,False
Type4-CrScSiC,128.106,75.10573,123.57968,False
Type4-VScGaB,495.779,446.29132,398.982,False
Type4-CoTiSiC,382.937,504.77118,350.26328,False
Type4-NiScGaC,203.801,271.1593,180.76743,False
Type4-NiHfAlN,622.645,646.57166,559.80585,False
Type4-VFeSiB,457.6,448.4704,338.28528,False
Type4-VNiGeC,348.26,347.68127,287.96823,False
Type4-CrMoSiC,128.285,102.493744,115.22305,False
Type4-VCoAlC,308.201,286.9568,267.80322,False
Type4-CrCoGeN,334.97,289.44232,301.10306,False
Type4-CoNiGaP,113.199,129.17729,150.98602,False
Type4-MnNbGeC,116.29,105.18848,79.713486,False
Type4-MnNbGaC,93.111,92.346695,55.987488,False
Type4-VCuGaP,374.854,320.83438,247.21164,False
Type4-MnCoSiP,319.325,356.63654,354.29517,False
Type4-CrNbGaP,272.075,359.5153,265.97675,False
Type4-CoCuAlN,837.151,984.96375,851.3083,False
Type4-CoScGeN,470.89,488.69873,407.90814,False
Type4-MnCoGaN,199.677,146.31194,155.79578,False
Type4-NiTiSiN,532.202,542.3612,489.40802,False
Type4-CrHfGeB,288.459,307.81543,232.12476,False
Type4-FeScAlP,346.309,468.742,288.21277,False
Type4-VNiGaC,244.146,302.6893,239.88095,False
Type4-CrCoSiP,325.907,354.91855,356.88992,False
Type4-MnWSiB,290.665,364.45236,275.05746,False
Type4-NiHfAlC,543.29,563.9001,455.29108,False
Type4-CoScGaC,60.498,92.28807,101.40204,False
Type4-FeHfGaC,231.433,259.07654,209.24686,False
Type4-NiCuGeN,589.348,541.11786,604.51984,False
Type4-FeTiGeP,70.77,205.634,201.12128,False
Type4-CoTaGaB,250.84,377.25055,229.93729,False
Type4-FeCuSiP,310.283,313.7362,328.96384,False
Type4-FeCoGaP,230.063,201.23944,217.57544,False
Type4-FeHfGeP,67.289,161.44965,218.39407,False
Type4-FeTiGeC,109.205,119.59204,96.390015,False
Type4-NiWAlN,627.938,664.21295,650.5577,False
Type4-FeYGaN,539.541,432.6264,395.16196,False
Type4-MnNiSiB,393.591,384.47513,330.54303,False
Type4-MnCuSiB,485.858,423.44104,449.49957,False
Type4-VCoAlN,437.558,413.99475,454.33893,False
Type4-VWSiN,394.614,447.34747,364.3031,False
Type4-CrTiSiB,327.493,358.27734,332.22748,False
Type4-NiMoGeC,391.089,335.83685,357.93988,False
Type4-NiScAlB,283.881,359.87897,285.3222,False
Type4-MnCoAlC,241.324,254.25264,263.23233,False
Type4-FeCoGeC,222.026,207.89789,225.47772,False
Type4-CoTiSiP,196.027,406.2481,287.3899,False
Type4-NiNbSiN,502.516,512.2615,419.50757,False
Type4-CoCuGeN,408.055,463.318,519.20764,False
Type4-FeHfGaN,430.649,425.84537,335.51935,False
Type4-CoWAlC,332.686,451.33453,410.05334,False
Type4-FeCoGaC,143.189,135.75058,144.90419,False
Type4-CoNiGaC,259.492,287.00974,297.8293,False
Type4-CoZrSiC,403.554,531.59796,367.1313,False
Type4-CoMoAlN,575.658,578.28894,624.568,False
Type4-NiTaGaP,307.917,436.97162,359.1731,False
Type4-CrNiAlN,531.136,518.7621,524.3756,False
Type4-FeYSiP,395.488,531.51904,395.74252,False
Type4-CrMnGaC,24.918,20.45459,19.003479,True
Type4-FeCoGeN,273.751,266.76892,305.0638,False
Type4-CoNbAlC,362.488,362.48254,334.34183,False
Type4-CrWGaC,66.793,84.3952,44.06357,False
Type4-CrTiGaN,159.715,155.92873,94.69548,False
Type4-CrCoGeP,196.505,218.60294,233.75171,False
Type4-CoHfGaB,170.028,314.9408,194.9396,False
Type4-NiYAlB,199.221,384.557,335.34348,False
Type4-MnScGaB,371.783,338.44913,303.6415,False
Type4-MnNiSiP,297.845,342.34048,319.1722,False
Type4-CoWGeB,206.163,338.4878,237.68466,False
Type4-NiMoSiC,434.477,431.44894,416.16577,False
Type4-CrMnSiB,351.304,336.7615,336.69824,False
Type4-MnWSiC,309.553,330.1675,296.75845,False
Type4-CrFeGeP,203.967,274.77957,231.75818,False
Type4-CrTaSiP,353.973,450.23993,347.4796,False
Type4-VTiSiC,12.488,5.6975403,7.76178,True
Type4-CrCoAlN,510.238,475.53888,482.34515,False
Type4-CoTiAlC,371.371,360.68246,321.42374,False
Type4-FeMoAlC,111.376,170.76904,167.12283,False
Type4-NiMoGaB,267.145,340.40536,267.70514,False
Type4-MnTaSiB,334.108,433.77075,284.86926,False
Type4-CrNiGaC,233.492,264.523,231.68388,False
Type4-NiTaGaB,340.356,455.886,296.2968,False
Type4-VCrSiC,67.105,61.970688,25.788513,False
Type4-NiCuAlP,257.27,383.15607,332.6342,False
Type4-CrMoSiP,399.171,318.62918,329.95044,False
Type4-NiNbAlC,419.918,478.97882,396.2645,False
Type4-NiNbGaB,309.693,407.97876,249.95123,False
Type4-CoZrGeC,221.501,260.85605,153.78522,False
Type4-CoCuAlP,269.394,413.11478,366.86737,False
Type4-NiWGeB,312.271,390.6427,298.2003,False
Type4-NiZrSiC,340.075,407.31516,413.99878,False
Type4-FeMoSiB,302.823,377.5266,319.54633,False
Type4-VZrSiB,474.983,521.5172,385.09985,False
Type4-NiCuSiC,894.994,874.89667,882.06714,False
Type4-CoCuAlC,608.794,615.5952,628.1395,False
Type4-CrWAlP,301.361,321.51413,312.15533,False
Type4-VCrAlN,200.721,166.94179,86.92374,False
Type4-MnScGaC,0.377,34.810516,35.275818,True
Type4-MnYSiN,561.229,504.1045,418.08426,False
Type4-NiWSiC,538.77,569.73486,530.6952,False
Type4-FeNbAlN,360.763,417.6698,388.47446,False
Type4-VCuGeP,369.107,300.762,270.18546,False
Type4-MnCuGaN,262.281,326.44577,229.53116,False
Type4-FeYAlP,392.679,518.2197,336.92535,False
Type4-CoNbGaP,140.922,358.75143,220.79395,False
Type4-CrMoAlN,435.421,396.06857,414.6585,False
Type4-CoTiGaC,198.382,205.3637,174.5248,False
Type4-CoWGeP,250.129,265.07642,255.1736,False
Type4-VWSiB,201.196,244.7752,204.07152,False
Type4-CrTiGaC,-2.787,-1.9050598,2.32193,True
Type4-MnTaGeN,301.881,363.11172,261.21878,False
Type4-MnTiSiP,313.869,352.1253,331.58234,False
Type4-VScGeC,114.304,118.88042,72.68768,False
Type4-CoNbAlP,255.587,483.81537,373.61993,False
Type4-VWAlB,186.102,195.64407,207.63617,False
Type4-FeZrAlB,313.841,279.0904,276.1273,False
Type4-FeHfAlB,260.226,289.35046,276.20898,False
Type4-VZrGeB,390.639,432.7702,327.16064,False
Type4-VTaSiN,212.934,221.2908,167.30078,False
Type4-NiCuGaB,327.941,385.39807,303.19626,False
Type4-VCrSiB,281.34,254.66301,258.69427,False
Type4-MnNiGeC,352.821,287.11148,291.4796,False
Type4-VScAlP,327.353,423.63635,315.0431,False
Type4-MnMoGaP,251.628,264.31802,221.04799,False
Type4-CoYGeP,155.777,340.5722,265.126,False
Type4-VMoSiP,345.942,340.3105,312.28146,False
Type4-NiHfGeC,331.234,475.7182,334.04883,False
Type4-CoMoAlB,338.21,399.1487,344.14743,False
Type4-FeHfGaB,243.49,264.84024,242.37215,False
Type4-NiZrGaP,143.08,437.17773,281.1396,False
Type4-NiZrGaN,489.799,502.92517,406.23483,False
Type4-CoMoGeP,218.133,254.38103,227.46814,False
Type4-MnWGeN,258.019,325.20932,322.48846,False
Type4-VCoSiB,462.894,517.6108,451.8834,False
Type4-MnYAlC,232.811,176.28658,186.06435,False
Type4-CrNbGeP,192.975,310.57544,228.70657,False
Type4-VTaGaC,25.479,34.659363,31.925812,True
Type4-VMnSiB,372.324,325.29196,307.14325,False
Type4-VTaAlP,309.282,371.21564,272.49326,False
Type4-VTaSiB,236.734,267.19678,206.39238,False
Type4-FeTaGeN,385.008,417.49094,391.71777,False
Type4-CoTiGeC,192.137,254.137,198.48882,False
Type4-CoNiAlB,296.291,251.75395,311.8125,False
Type4-CrNbGaB,203.443,240.67288,194.89874,False
Type4-CrTiAlN,211.134,190.54724,202.85608,False
Type4-CrNbGaC,43.699,45.34503,42.12863,False
Type4-CoTaGaN,411.695,455.5448,401.3249,False
Type4-VFeGeP,117.977,164.58018,191.6163,False
Type4-CoMoSiC,370.457,406.5088,393.3299,False
Type4-FeCoSiN,513.141,500.15503,519.60034,False
Type4-CrMoGaC,5.978,12.581787,20.063416,True
Type4-MnScSiN,498.223,535.843,490.71246,False
Type4-FeScGaC,16.173,34.851105,84.70218,True
Type4-CrFeSiC,227.532,267.45212,265.12506,False
Type4-FeTiGeN,335.636,348.22745,308.47852,False
Type4-VHfAlC,61.633,93.00691,57.434784,False
Type4-CrHfSiC,248.001,265.74805,153.35759,False
Type4-CrWGeP,311.137,393.64682,298.09286,False
Type4-NiNbGaN,473.864,507.06555,450.9118,False
Type4-VMoAlN,238.737,216.4931,226.8193,False
Type4-VCoAlB,476.94,456.38983,383.95624,False
Type4-CrFeSiN,331.584,314.2539,353.90424,False
Type4-VCrAlB,253.162,259.9745,251.88861,False
Type4-NiScGeN,458.816,513.2455,444.0,False
Type4-MnTaGeB,232.093,295.23087,206.28354,False
Type4-NiMoGaC,306.299,312.9991,308.49493,False
Type4-CrWSiC,219.588,172.31651,179.42717,False
Type4-CrMnGaN,79.477,89.95471,99.96283,False
Type4-NiHfSiB,260.843,406.585,326.55707,False
Type4-CrYAlP,521.022,576.92523,519.8113,False
Type4-CrMnGaP,305.088,265.15646,237.34663,False
Type4-FeCuGeP,329.502,244.069,259.6975,False
Type4-MnFeGaN,71.343,109.1983,107.136,False
Type4-VFeGeN,271.087,319.18915,305.49164,False
Type4-CrTiSiN,295.825,304.99023,279.9494,False
Type4-VCrGaN,97.881,60.432755,35.944824,False
Type4-CrCuSiP,259.739,344.3484,290.7818,False
Type4-MnNiSiC,427.016,384.29703,416.24445,False
Type4-NiScGaN,567.436,558.3601,445.9195,False
Type4-VTaGeP,173.114,284.2994,166.67201,False
Type4-CrHfAlP,360.478,366.78195,342.8742,False
Type4-VYAlN,314.854,251.83142,206.08759,False
Type4-VCrGaP,310.197,278.53668,213.82286,False
Type4-FeHfSiB,354.652,432.89822,363.58112,False
Type4-CrScGaP,355.402,295.74506,232.86667,False
Type4-FeTiGeB,225.419,252.97003,225.31894,False
Type4-FeYAlC,296.112,253.13663,187.76897,False
Type4-VScGeB,489.343,478.9526,407.14343,False
Type4-MnZrGeP,131.602,308.02243,243.14581,False
Type4-MnTaGeC,153.105,173.93115,105.02951,False
Type4-CoHfAlB,297.655,392.90295,345.2294,False
Type4-CoScAlB,300.628,341.1266,301.0687,False
Type4-MnNbAlC,160.992,103.92854,111.002335,False
Type4-VCuSiB,502.874,536.66614,513.7112,False
Type4-NiScGaP,192.349,446.9638,219.62941,False
Type4-CoNbGeP,110.133,368.14917,199.04517,False
Type4-NiNbAlP,311.147,550.8356,427.56665,False
Type4-CrTiGeP,186.067,242.7197,209.65395,False
Type4-NiMoAlN,564.657,598.60114,626.42896,False
Type4-CrZrAlP,368.62,378.82242,388.01727,False
Type4-MnZrGeB,341.055,318.98276,304.04062,False
Type4-FeNbGeN,305.811,344.83456,318.16815,False
Type4-VTaSiC,46.784,49.519714,66.61766,False
Type4-MnWAlP,308.299,363.32495,343.2451,False
Type4-FeTaSiP,228.936,442.95444,340.9889,False
Type4-VTiGaN,6.652,-0.08734131,-4.702545,True
Type4-FeTaSiC,345.19,375.11383,308.96304,False
Type4-FeCoSiP,321.845,320.88034,324.45273,False
Type4-CrCuSiN,539.578,560.66833,552.25726,False
Type4-VZrGeC,88.353,111.793106,46.529205,False
Type4-FeHfAlC,326.385,366.0172,318.36252,False
Type4-FeScAlN,527.46,532.55084,506.03778,False
Type4-CrCoSiB,412.335,423.8783,438.23865,False
Type4-MnTiGeC,83.278,42.67517,42.969055,False
Type4-MnNbGeB,224.883,218.64702,234.73914,False
Type4-MnScSiB,431.334,366.38733,378.22888,False
Type4-CrYAlB,568.573,504.20068,442.53088,False
Type4-CoHfAlN,663.168,662.70166,560.4257,False
Type4-MnNiAlB,398.151,398.74448,353.70636,False
Type4-VScSiB,532.448,603.5685,445.88675,False
Type4-CrYGaB,653.378,435.41162,452.7662,False
Type4-NiMoGeP,354.838,339.69577,251.58755,False
Type4-NiCuAlB,441.385,430.31174,419.6159,False
Type4-MnCuSiC,635.011,584.1708,620.2329,False
Type4-CoMoSiN,468.893,474.56696,466.7008,False
Type4-MnWGeB,227.836,278.13647,195.62473,False
Type4-FeZrGaB,313.253,300.20102,268.83392,False
Type4-VTiSiN,135.107,83.01495,113.660126,False
Type4-VCuGeC,423.949,412.5262,379.42593,False
Type4-VMoAlB,249.495,245.49835,217.63635,False
Type4-CrTaSiC,190.135,154.75424,97.245224,False
Type4-MnMoAlB,201.461,238.4832,222.45584,False
Type4-CrNiSiN,390.203,434.4709,415.8236,False
Type4-CoHfAlP,263.272,539.30676,387.7311,False
Type4-NiScAlN,729.104,703.50446,676.94666,False
Type4-NiScSiN,563.838,696.09314,627.5,False
Type4-FeNbSiC,312.871,317.78854,274.11258,False
Type4-NiTaGaC,325.767,368.284,322.59454,False
Type4-MnScSiC,140.994,113.435684,131.4006,False
Type4-CrWGaP,325.483,380.5994,304.0913,False
Type4-NiTaAlB,432.717,433.20667,403.2325,False
Type4-CoZrGaB,220.029,305.96033,220.46358,False
Type4-MnCuGeC,432.899,481.7583,381.6284,False
Type4-FeNbGeB,195.97,246.80211,208.37521,False
Type4-FeWSiB,272.623,411.5327,297.39233,False
Type4-MnMoAlN,440.526,432.0086,490.92395,False
Type4-FeTaAlC,224.757,255.35785,211.8566,False
Type4-FeNiGeC,335.264,311.2264,331.65924,False
Type4-MnNbSiC,270.151,254.65822,158.97287,False
Type4-VScGeN,129.733,176.73264,82.252304,False
Type4-CrNiGeB,392.605,421.33337,392.88306,False
Type4-FeCuGaB,375.962,356.69156,326.22272,False
Type4-CrFeGaP,306.667,290.71298,236.65909,False
Type4-CrZrGeP,179.258,341.81323,241.02684,False
Type4-MnCuGeB,514.067,515.3856,461.29004,False
Type4-MnMoSiN,278.724,334.22882,344.23877,False
Type4-MnCoGeC,208.475,185.81125,201.69234,False
Type4-MnNiSiN,483.65,497.21277,474.11993,False
Type4-MnCoGeP,284.098,239.59663,251.0446,False
Type4-CrTaAlN,297.754,325.05975,296.18033,False
Type4-VYGaP,398.382,395.96497,301.74353,False
Type4-CrNbSiN,291.707,306.25784,261.3696,False
Type4-CrScGeB,459.322,448.50967,388.52032,False
Type4-NiHfGaB,245.566,432.55832,308.30252,False
Type4-CoHfGaN,480.047,458.3839,372.08994,False
Type4-VZrAlB,376.562,390.1336,344.44568,False
Type4-MnTiAlP,336.724,230.64902,300.37616,False
Type4-CrTiAlB,269.433,279.21585,252.34839,False
Type4-NiCuGeC,757.629,743.60156,680.4845,False
Type4-VMoGeC,2.49,24.151276,15.164398,True
Type4-VScGaC,85.48,54.984863,38.619293,False
Type4-CoMoGeB,186.256,280.3302,209.02771,False
Type4-CoNiSiB,315.215,332.5654,303.63812,False
Type4-NiZrSiB,265.606,485.47797,391.9184,False
Type4-VTaGeN,129.698,172.47708,104.27016,False
Type4-CoHfGeN,407.88,439.59412,402.68335,False
Type4-CoYAlC,387.494,422.27356,329.3291,False
Type4-CrHfGaB,311.427,314.18915,240.39963,False
Type4-CrMoAlP,353.197,396.92386,371.45023,False
Type4-CoScSiC,271.766,345.6078,265.11185,False
Type4-MnFeSiN,372.652,380.23727,394.849,False
Type4-CoHfGaP,122.158,429.53766,187.15991,False
Type4-VFeGaN,260.336,280.61374,257.99567,False
Type4-FeWGeN,404.811,377.40363,401.05347,False
Type4-FeYGeP,213.455,258.49942,242.80182,False
Type4-NiScSiB,267.283,426.1718,250.61182,False
Type4-CoWGaP,286.413,308.6125,337.3176,False
Type4-NiZrAlC,489.838,522.49036,436.32224,False
Type4-NiNbSiP,315.032,505.4571,383.7753,False
Type4-VNbGeB,190.382,185.42168,178.19081,False
Type4-FeNiAlP,328.949,449.11172,276.98212,False
Type4-CrFeGeN,231.477,213.60577,223.01784,False
Type4-NiWSiB,261.386,243.62764,319.4648,False
Type4-CoNbSiN,578.249,602.15985,489.1855,False
Type4-VWAlP,401.285,411.97675,347.89258,False
Type4-CoScSiB,252.389,314.00085,250.29037,False
Type4-FeYGaP,303.809,429.1878,305.476,False
Type4-MnYGaP,421.812,464.29062,338.2678,False
Type4-VMnAlB,299.727,294.62814,267.54578,False
Type4-CrMnAlN,410.303,397.6492,390.70822,False
Type4-CrCoGaB,310.383,322.1126,242.52762,False
Type4-FeHfSiN,574.273,577.8336,555.4691,False
Type4-FeNiAlB,335.629,351.172,303.18326,False
Type4-CoCuSiN,705.723,866.3664,822.9819,False
Type4-MnFeGaC,37.905,46.24472,81.72357,False
Type4-MnNbSiP,261.454,368.9441,342.5065,False
Type4-FeCoAlN,628.202,621.8445,589.9342,False
Type4-VZrGeN,133.833,156.66808,85.9841,False
Type4-VTiAlB,257.867,282.0933,249.56732,False
Type4-MnWAlB,191.359,243.46486,243.36447,False
Type4-CoMoGaB,206.664,237.77344,185.54663,False
Type4-NiTiSiC,375.122,415.3813,376.28333,False
Type4-CoCuGaB,317.331,310.23706,280.808,False
Type4-MnYGaC,294.264,129.28589,102.67177,False
Type4-CrCuGaN,350.824,339.5719,320.74756,False
Type4-MnNiGeN,327.025,320.566,323.4858,False
Type4-FeMoGaC,77.916,159.7622,92.5459,False
Type4-FeMoAlN,513.747,552.11163,534.9963,False
Type4-NiYAlP,333.177,497.1612,368.47092,False
Type4-VZrAlC,94.291,131.15996,71.656784,False
Type4-VMoGaC,-9.632,16.157776,5.6885376,True
Type4-MnZrSiC,312.222,342.602,254.25949,False
Type4-CrNiSiP,322.159,387.19064,344.93066,False
Type4-MnZrAlN,429.356,363.76105,359.7085,False
Type4-VHfGeP,128.449,271.40555,176.59062,False
Type4-CrTiGaB,260.451,281.86035,250.85022,False
Type4-NiScSiC,254.307,348.634,373.53217,False
Type4-MnMoGeP,245.687,274.06937,260.29916,False
Type4-NiWAlB,365.271,406.358,401.48834,False
Type4-FeYSiB,325.777,249.53625,255.54047,False
Type4-FeTaGaN,358.638,364.57617,356.3524,False
Type4-VTaGeB,148.895,169.30852,128.92114,False
Type4-MnFeAlB,289.138,278.12204,277.85117,False
Type4-NiTiGeB,311.848,474.3142,270.74747,False
Type4-NiZrGaB,268.703,394.69263,266.18134,False
Type4-VScGeP,204.697,264.84634,188.6698,False
Type4-MnTaAlC,174.673,166.73192,150.64705,False
Type4-FeWGaB,224.593,303.6159,222.09384,False
Type4-MnHfSiN,520.243,532.1121,479.18433,False
Type4-CoTaSiB,286.101,364.54007,315.59848,False
Type4-FeScSiP,351.116,514.1173,331.0041,False
Type4-CoWAlB,310.606,419.79907,356.3028,False
Type4-MnHfGaC,181.457,178.39035,113.11662,False
Type4-FeScGeB,329.643,347.7622,264.28796,False
Type4-FeNbGeP,75.172,213.5354,195.45276,False
Type4-CrZrSiC,222.438,209.3436,136.94827,False
Type4-VNiAlN,530.354,425.87598,488.85052,False
Type4-VCrAlP,322.649,287.60068,262.45184,False
Type4-VMnGeC,86.122,69.24562,16.366547,False
Type4-NiCuGaC,695.992,718.76855,656.15,False
Type4-NiScGeP,142.455,401.39722,293.30725,False
Type4-NiYGaB,171.28,226.85449,251.75682,False
Type4-CrFeGeC,96.461,141.24797,116.461044,False
Type4-NiWGeP,327.71,354.7821,314.50012,False
Type4-MnZrGeC,144.446,144.3991,74.35573,False
Type4-CrFeGeB,265.761,333.77988,283.0302,False
Type4-FeTiSiP,247.38,348.763,303.75433,False
Type4-VZrGaN,143.454,196.9992,85.6591,False
Type4-MnHfSiP,288.639,506.935,367.7391,False
Type4-VScSiP,361.028,378.9206,374.40198,False
Type4-CoTaAlB,398.918,356.47372,384.76068,False
Type4-MnCuSiP,235.649,320.0455,286.23267,False
Type4-NiYGaP,224.029,412.75647,218.91826,False
Type4-MnTaGeP,174.653,299.5792,241.95448,False
Type4-FeNiAlC,351.353,343.61276,383.69144,False
Type4-CoNiAlC,355.753,392.4883,485.0827,False
Type4-CoZrAlP,251.198,526.1591,337.08487,False
Type4-VScSiN,262.199,285.1524,257.32816,False
Type4-CrFeSiB,416.713,391.9706,373.43262,False
Type4-MnCoAlP,344.804,393.98853,348.43365,False
Type4-MnScAlC,99.604,56.72078,72.318405,False
Type4-CoWSiN,536.878,500.95404,540.4157,False
Type4-FeNiSiP,295.682,331.54678,329.93167,False
Type4-VNiSiN,495.58,520.9651,462.08728,False
Type4-CrTaGeB,174.666,311.21768,195.41101,False
Type4-FeZrGeC,164.801,203.30716,133.43826,False
Type4-NiHfSiN,545.023,529.3258,494.66772,False
Type4-FeZrGaP,186.29,260.6332,198.40851,False
Type4-NiWGeN,483.156,494.67767,476.45883,False
Type4-CrMnSiP,358.07,289.5731,318.0315,False
Type4-FeTaGaC,168.044,226.60593,156.98524,False
Type4-MnMoGeC,96.704,120.40968,84.79689,False
Type4-NiZrGeB,229.697,445.09235,235.9805,False
Type4-VCoGeB,304.137,345.62402,282.00375,False
Type4-VMnGaP,251.246,283.74466,221.19406,False
Type4-FeCuSiC,679.702,654.746,700.1505,False
Type4-MnTiGeB,211.392,249.3989,244.34914,False
Type4-VYAlB,625.904,538.9942,498.14783,False
Type4-VCrGaB,237.615,226.03717,207.295,False
Type4-FeWAlP,242.463,343.81757,299.73224,False
Type4-CoYGeN,501.38,546.1909,403.3659,False
Type4-MnYGaB,587.602,349.15048,424.65143,False
Type4-CrMnSiN,236.496,250.29694,293.39948,False
Type4-CoMoGaC,114.605,203.16943,177.35875,False
Type4-MnScGaN,335.504,320.15082,238.2941,False
Type4-MnMoGaN,49.503,155.86243,141.75264,False
Type4-CrScGeC,98.46,59.121292,54.051697,False
Type4-CrMoGeC,33.463,53.02411,31.533783,False
Type4-MnWGaN,163.075,257.57462,221.75839,False
Type4-CrTiAlC,27.602,20.63742,20.72702,True
Type4-NiWAlC,489.184,505.28668,502.33392,False
Type4-FeTiAlC,203.51,187.20703,155.70193,False
Type4-CoYSiP,326.851,457.60867,337.75867,False
Type4-VHfGaC,48.532,69.025116,10.346313,False
Type4-NiWGaP,270.08,400.99405,355.30264,False
Type4-NiMoGaP,318.592,379.54227,319.00555,False
Type4-CoNiAlP,293.994,400.0205,295.16693,False
Type4-FeTiGaP,182.193,240.91623,212.93921,False
Type4-NiZrGeN,500.313,452.83112,403.5263,False
Type4-VHfAlN,128.396,206.39658,119.88446,False
Type4-CoYGeB,303.473,259.34268,342.19537,False
Type4-MnMoGaC,41.913,62.992188,36.48163,False
Type4-MnHfGaB,280.397,264.64404,179.98096,False
Type4-CoYGaN,594.851,520.4615,465.82697,False
Type4-MnHfGeC,178.029,196.5157,118.78003,False
Type4-VTiGeP,99.832,140.35576,145.29585,False
Type4-CoWGaB,197.772,300.1599,222.2376,False
Type4-FeZrSiP,221.525,505.10556,351.2194,False
Type4-CrNbGeB,188.668,241.14099,225.18893,False
Type4-FeYGeN,471.234,456.50958,339.97266,False
Type4-CoWGaC,219.021,296.34116,256.91464,False
Type4-CoTiSiB,340.303,342.50525,262.29492,False
Type4-VFeAlB,381.388,393.40668,310.32162,False
Type4-MnTiGaB,232.591,271.0024,242.37659,False
Type4-NiMoSiB,246.35,241.21811,297.08347,False
Type4-MnCoSiN,401.223,407.0418,412.05618,False
Type4-CrYGaP,417.861,399.04788,346.81058,False
Type4-MnTiSiN,424.181,459.26093,368.37323,False
Type4-CoHfAlC,485.177,465.85516,375.13757,False
Type4-MnYSiP,436.83,524.27106,443.57034,False
Type4-CrZrSiN,406.678,428.5709,360.223,False
Type4-CrCoGeC,190.873,208.03854,204.09566,False
Type4-FeScGeN,396.507,458.0216,372.95312,False
Type4-CoWGeC,343.948,357.8904,346.99762,False
Type4-VMoGeP,258.132,270.8593,191.23096,False
Type4-CrCuAlC,410.943,414.11145,406.05365,False
Type4-CrHfGaC,148.647,154.46889,48.415405,False
Type4-VCrSiP,307.412,364.2079,307.9002,False
Type4-CoHfGeB,152.08,367.14163,189.71198,False
Type4-FeCoAlB,305.32,306.21176,307.94702,False
Type4-FeHfGeC,207.816,249.62807,180.12013,False
Type4-FeMoGeB,184.936,235.12411,184.67157,False
Type4-CoMoGaN,276.267,299.136,284.10193,False
Type4-CrCoSiN,437.396,417.17834,410.00403,False
Type4-CoTaGeB,202.461,370.474,215.64105,False
Type4-FeTaSiN,544.888,550.9162,497.90308,False
Type4-CoNbAlN,510.659,549.1985,497.86423,False
Type4-CoZrGeB,201.616,342.1212,205.54492,False
Type4-CrMoSiB,262.829,292.07532,268.93298,False
Type4-FeNbGeC,134.044,167.98714,133.29242,False
Type4-VZrAlP,310.386,384.2049,307.26843,False
Type4-CoNbGeN,420.535,426.22223,383.50104,False
Type4-CoNiGeC,380.396,387.76288,407.4948,False
Type4-VNbAlB,232.49,267.18805,229.54453,False
Type4-FeMoGaP,220.808,253.37944,215.54697,False
Type4-CrNiSiC,430.129,398.898,389.19427,False
Type4-CoWAlN,681.361,671.52356,674.94885,False
Type4-VMoGeB,169.069,171.90604,154.11136,False
Type4-MnYGeB,614.223,474.26202,485.7303,False
Type4-MnFeAlP,239.969,233.33302,247.89839,False
Type4-MnWGaB,174.673,215.87598,204.60101,False
Type4-CoYSiN,719.983,724.85864,643.08575,False
Type4-FeZrGeN,397.693,402.54675,316.09467,False
Type4-VWGeP,299.715,310.17245,242.04074,False
Type4-CrTiGeB,238.65,257.37558,243.74481,False
Type4-MnCoAlB,370.799,383.21503,329.1319,False
Type4-MnHfAlN,424.518,366.58008,352.02643,False
Type4-CrMnAlP,292.236,271.89673,313.82254,False
Type4-FeNbSiN,477.191,452.12738,470.55225,False
Type4-CoCuSiC,806.08,798.0503,790.0137,False
Type4-CoTiSiN,549.641,636.32214,488.52148,False
Type4-MnHfGaP,236.396,303.79022,271.70645,False
Type4-FeNbSiP,203.845,376.38483,304.37335,False
Type4-VWGaC,9.661,14.190308,16.201813,True
Type4-NiYGaC,284.982,355.42795,242.54233,False
Type4-CrWAlB,179.757,225.44496,214.653,False
Type4-FeNiGaN,274.327,324.67767,315.20102,False
Type4-NiHfGaN,470.571,487.81158,406.26392,False
Type4-NiYGeN,475.48,552.1659,459.0158,False
Type4-NiNbAlN,584.05,560.41125,530.94006,False
Type4-VTiSiP,217.576,247.16779,272.1267,False
Type4-MnCuAlC,405.318,385.07257,427.7232,False
Type4-CoScAlP,336.719,552.1481,292.04318,False
Type4-CoNiGeP,215.969,155.46187,163.0763,False
Type4-NiScAlC,371.227,440.02454,311.04996,False
Type4-FeNbGaP,174.872,255.39645,226.07529,False
Type4-VFeAlN,321.83,322.15823,320.01544,False
Type4-MnTaGaC,115.068,139.5426,90.272,False
Type4-CrScSiB,472.966,472.67136,427.9483,False
Type4-VMnGeN,209.893,241.61758,197.71547,False
Type4-MnZrGaP,228.854,305.00244,254.22359,False
Type4-VHfGeB,297.56,382.4465,265.30383,False
Type4-FeZrGaC,202.387,216.9072,142.45418,False
Type4-VMnAlC,92.634,74.31593,39.174805,False
Type4-MnYGeN,421.6,359.82007,293.7023,False
Type4-CrCuGeB,522.089,522.2608,457.05212,False
Type4-CrMoAlB,228.298,229.29663,260.15283,False
Type4-CoCuGeP,295.415,297.4656,257.04507,False
Type4-CoTiGeN,372.551,427.34857,356.51102,False
Type4-NiMoSiN,424.576,446.25586,469.2378,False
Type4-FeWGaP,261.578,268.43665,261.77008,False
Type4-FeCoSiC,354.08,346.90344,363.54053,False
Type4-NiTiAlB,432.756,430.88718,417.9776,False
Type4-FeCuSiB,497.737,412.04117,431.37192,False
Type4-CoHfSiP,191.317,464.00873,333.91183,False
Type4-FeTaSiB,332.507,465.03333,341.4065,False
Type4-MnYAlP,493.663,533.03217,405.46707,False
Type4-MnNbAlN,250.273,334.4224,290.20346,False
Type4-VMnGeP,186.123,229.34595,197.11421,False
Type4-VCuAlN,465.272,424.58176,480.49628,False
Type4-VYGeN,252.418,239.21182,153.19037,False
Type4-VNiAlC,374.712,361.45804,354.28714,False
Type4-FeWGaC,165.662,265.57935,220.69632,False
Type4-MnZrSiN,519.991,518.5898,498.33215,False
Type4-FeNbAlB,329.629,294.5197,280.5002,False
Type4-CrNiAlC,348.008,351.1125,373.4795,False
Type4-VTaAlN,114.854,124.77597,111.165955,False
Type4-MnTiSiC,224.108,219.51852,138.86098,False
Type4-CrWAlN,560.575,576.8392,441.52765,False
Type4-VTaAlB,178.08,199.64005,183.25706,False
Type4-VWSiP,371.976,385.6398,330.52597,False
Type4-CrCuGaP,318.204,288.82617,348.79163,False
Type4-CrTiSiC,104.584,88.72299,78.61281,False
Type4-CoZrGeP,47.108,354.0765,206.60193,False
Type4-MnFeSiB,369.902,343.39035,348.607,False
Type4-VMnGeB,277.95,262.39767,223.30428,False
Type4-FeMoGeN,263.233,256.96863,283.0749,False
Type4-CoNbSiB,269.092,337.07004,250.76384,False
Type4-CoTaAlP,297.636,410.6897,384.165,False
Type4-CoZrSiB,270.605,368.00378,241.09175,False
Type4-MnHfAlC,268.199,291.4892,202.58044,False
Type4-FeTiAlB,268.395,296.1668,313.6152,False
Type4-CoWGaN,374.79,384.8833,404.38953,False
Type4-CoNbGaB,242.59,306.87103,178.46997,False
Type4-FeCuGaC,333.416,393.39227,331.2818,False
Type4-FeNiSiN,571.713,669.0769,605.00757,False
Type4-VMoGaB,180.255,200.6969,169.82445,False
Type4-VScAlB,475.765,503.1706,403.59277,False
Type4-VZrSiP,265.729,373.3155,349.95514,False
Type4-VYSiP,474.563,454.4474,453.99976,False
Type4-NiTaGaN,513.868,532.31616,493.97382,False
Type4-CrCoSiC,326.183,343.13992,371.89124,False
Type4-MnCoGaC,133.068,138.19452,105.816574,False
Type4-FeCuGeB,440.791,392.22977,411.0354,False
Type4-NiCuAlN,999.064,1016.35693,972.7835,False
Type4-CrZrGeB,380.31,385.5636,314.05878,False
Type4-FeCoSiB,330.311,345.9085,326.12546,False
Type4-VNiGeN,498.261,466.03607,433.5921,False
Type4-VNiGeB,380.142,445.24377,337.1794,False
Type4-CoCuGeC,554.138,558.77563,548.21606,False
Type4-FeWSiP,264.629,308.86807,324.1675,False
Type4-VNbGeC,21.632,57.61656,7.917877,True
Type4-FeTiGaB,245.755,276.21533,239.51593,False
Type4-VHfSiC,156.782,231.42857,46.090057,False
Type4-MnWGaC,130.375,164.28317,97.87337,False
Type4-FeMoGeP,171.767,266.80374,203.78284,False
Type4-VMoGaN,194.686,194.88211,121.21579,False
Type4-CrScGaN,273.23,269.6707,145.17026,False
Type4-CrZrGeC,79.532,108.27248,55.40863,False
Type4-VCoSiC,321.364,365.5381,357.0609,False
Type4-CrScSiN,388.384,437.0055,315.11823,False
Type4-MnNbGaP,213.16,316.05917,266.54248,False
Type4-CrScAlP,409.729,433.2007,367.93945,False
Type4-MnMoGaB,182.762,203.90419,177.71996,False
Type4-NiTiGaN,425.839,465.90292,398.352,False
Type4-VFeAlC,180.526,176.32439,83.52458,False
Type4-CrNbGeN,174.38,190.4717,126.03328,False
Type4-FeTaGaB,254.445,291.66394,221.94452,False
Type4-VCuGaC,373.927,336.97305,279.92865,False
Type4-CoZrGaN,488.985,458.69138,367.4856,False
Type4-MnCoGaP,248.596,213.69263,235.04898,False
Type4-NiMoAlB,353.825,413.48068,374.4371,False
Type4-FeTiSiC,299.316,301.33368,275.8899,False
Type4-NiMoGaN,333.954,397.30615,340.8916,False
Type4-CrNiGeN,416.469,364.98907,362.58835,False
Type4-FeYGaB,378.571,295.44687,337.63586,False
Type4-CoTiAlN,576.821,534.69763,457.82227,False
Type4-VCuAlP,420.249,322.4289,361.34802,False
Type4-CrScAlN,312.573,312.36145,281.8235,False
Type4-CrWGaB,167.938,214.2863,194.39563,False
Type4-VCuSiC,485.695,401.99045,433.60846,False
Type4-MnMoAlC,14.959,94.95398,75.3176,True
Type4-CrYSiB,681.172,519.3965,518.1623,False
Type4-CoTaAlN,559.01,516.34705,520.0433,False
Type4-CoWGeN,465.668,458.64536,465.99475,False
Type4-FeMoGaN,157.655,241.66837,220.89508,False
Type4-MnNbAlB,271.536,251.20187,238.86066,False
Type4-CrYAlC,280.412,210.17502,173.5763,False
Type4-VCoGeN,392.175,353.09427,349.26517,False
Type4-MnHfGaN,327.951,354.21634,267.6198,False
Type4-FeNiGeB,291.281,296.03632,279.65878,False
Type4-CrScGaB,434.626,377.07904,332.83334,False
Type4-CoNbAlB,397.682,404.29437,356.06744,False
Type4-MnYSiC,358.177,262.60843,200.43777,False
Type4-NiTiSiP,230.336,424.29993,359.2018,False
Type4-CoNbSiC,369.618,475.9734,337.10178,False
Type4-MnYAlB,422.677,390.38474,337.23386,False
Type4-CrNiSiB,396.52,380.36853,385.16028,False
Type4-MnNiGeP,335.728,345.1257,285.03433,False
Type4-FeYGaC,236.878,121.18591,129.36784,False
Type4-CrZrGaP,297.908,388.3924,261.36923,False
Type4-MnZrGaN,309.376,345.44412,250.11661,False
Type4-CrFeAlP,278.357,252.08926,329.30344,False
Type4-MnFeAlN,484.355,520.0881,517.14215,False
Type4-VZrAlN,164.43,232.2992,118.59912,False
Type4-NiTiSiB,355.256,474.67966,301.9189,False
Type4-CrMnAlC,42.211,39.48297,38.109955,False
Type4-MnFeSiP,282.096,347.65393,343.66867,False
Type4-VHfSiB,391.134,455.2718,327.08722,False
Type4-VCuGaB,503.226,534.3031,497.43823,False
Type4-MnFeGaB,258.809,298.72656,234.16728,False
Type4-CrHfGeP,193.77,376.84155,272.05838,False
Type4-CoTaSiC,399.997,495.40567,365.80286,False
Type4-MnTaAlN,302.979,350.85147,322.0825,False
Type4-CrHfAlN,312.379,307.7984,330.79556,False
Type4-CrCuGaC,328.507,346.73267,249.05807,False
Type4-MnTiAlB,234.54,278.23587,285.33426,False
Type4-FeNbAlP,243.448,264.03067,278.77597,False
Type4-VCrSiN,223.481,199.82721,176.73178,False
Type4-VWAlN,337.577,354.9402,307.598,False
Type4-VHfGaN,103.509,167.31314,86.737274,False
Type4-CrTiGeN,189.095,166.59781,127.75072,False
Type4-FeCuAlC,431.023,542.92487,452.24686,False
Type4-FeHfSiP,227.117,501.45172,343.796,False
Type4-NiTiGaB,320.76,425.92426,289.1734,False
Type4-MnWAlC,146.067,169.99275,175.8401,False
Type4-VMoGeN,244.673,260.37216,166.17856,False
Type4-CoNiAlN,715.222,754.4214,728.7013,False
Type4-VScAlC,73.514,59.444824,51.959167,False
Type4-CrYGeC,329.675,246.70622,175.32953,False
Type4-VTiSiB,327.846,368.34207,300.4841,False
Type4-CrNbAlB,247.766,273.185,278.86972,False
Type4-FeTiAlN,422.205,419.82446,369.53015,False
Type4-FeTaAlB,301.701,379.06073,316.2619,False
Type4-CrCuGeN,384.831,384.47797,370.1373,False
Type4-CoScGaN,516.978,489.21976,429.6217,False
Type4-CoTaGaC,243.814,260.47675,220.9184,False
Type4-CoZrSiN,592.744,672.51,605.588,False
Type4-CrNbGeC,43.221,48.3226,17.339294,False
Type4-CrMnGeN,121.37,131.51154,139.15907,False
Type4-CrYGeP,365.112,294.37234,309.80203,False
Type4-CoHfGaC,298.014,299.9575,236.73248,False
Type4-FeCuSiN,696.394,805.63257,722.5958,False
Type4-CoTaGeN,484.532,447.12466,408.80817,False
Type4-NiHfGeN,476.471,515.5148,430.78156,False
Type4-MnWGeC,185.725,224.7761,161.5818,False
Type4-FeCuGaN,240.166,339.79855,321.01788,False
Type4-VNiAlB,539.25,515.2361,488.9765,False
Type4-CrTaGeP,251.417,387.5653,260.86377,False
Type4-NiZrAlP,256.783,529.48254,410.50128,False
Type4-FeYAlB,251.587,294.37476,294.95123,False
Type4-CrCoGeB,286.976,316.675,304.35794,False
Type4-CoHfSiB,256.837,332.79355,271.85635,False
Type4-FeZrGeP,70.848,183.01561,205.06442,False
Type4-MnTiGaP,210.59,215.43568,219.10083,False
Type4-VScGaP,275.243,359.10052,225.0553,False
Type4-NiCuGaN,517.2,571.4437,543.7667,False
Type4-VYGeP,277.438,325.50763,291.29697,False
Type4-CrCoAlP,317.709,380.01703,363.34946,False
Type4-NiZrSiP,236.631,431.88596,378.95447,False
Type4-CoMoGeC,220.068,261.85547,244.97513,False
Type4-VNbGaB,203.978,239.21373,201.44215,False
Type4-VMnSiC,201.391,170.79893,114.5916,False
Type4-VHfSiN,237.621,286.34598,169.33684,False
Type4-CrCuAlN,676.291,669.185,642.90674,False
Type4-MnFeGeN,190.215,165.72893,199.96623,False
Type4-MnWSiN,430.108,458.1223,443.2431,False
Type4-MnHfSiB,340.921,426.58942,338.71002,False
Type4-FeTaAlP,275.554,326.8349,290.73492,False
Type4-NiNbSiC,396.903,412.62164,374.58905,False
Type4-CoMoSiP,304.308,431.488,299.02982,False
Type4-FeWAlN,647.874,711.1072,641.393,False
Type4-MnNiGaP,284.7,284.35773,267.32806,False
Type4-VHfAlP,286.28,381.18304,304.76886,False
Type4-CoHfSiC,448.911,595.3677,416.70782,False
Type4-CrScSiP,431.889,464.42624,431.33835,False
Type4-CoNiGaN,252.448,300.80643,312.06583,False
Type4-FeCuAlP,271.455,303.0619,271.59467,False
Type4-NiYGaN,603.627,577.3649,498.71353,False
Type4-CrCuGeC,416.729,427.33008,298.01212,False
Type4-CrMnAlB,256.179,268.65552,256.80493,False
Type4-MnNbGaB,214.84,230.26651,181.34348,False
Type4-VYSiB,722.234,641.7195,544.9258,False
Type4-CrCoGaP,242.691,237.57082,204.29924,False
Type4-CoYAlP,382.578,540.4713,308.25662,False
Type4-FeTiSiN,513.233,576.97705,440.505,False
Type4-CoTiAlP,276.821,403.40497,290.2943,False
Type4-NiMoSiP,359.787,411.3841,348.90387,False
Type4-FeCoGeB,243.493,244.83458,232.9234,False
Type4-MnCuSiN,592.54,669.8114,617.01086,False
Type4-CrNiAlP,356.13,445.08975,421.96707,False
Type4-MnWSiP,304.234,347.36087,328.14966,False
Type4-FeZrSiC,361.002,400.04117,320.45612,False
Type4-CrMoGeB,204.348,237.84714,195.68318,False
Type4-NiNbSiB,219.501,381.9143,308.2316,False
Type4-CoYGeC,311.074,299.3237,166.03242,False
Type4-VCoGaP,169.922,307.4803,233.51144,False
Type4-CrNiGaP,249.86,280.424,248.19527,False
Type4-FeMoGeC,99.138,187.31685,159.95712,False
Type4-MnTaSiC,300.078,307.279,200.04082,False
Type4-FeNiGaB,269.621,254.4797,237.42053,False
Type4-FeScSiC,199.357,223.37006,177.362,False
Type4-NiWSiN,494.112,532.83606,503.73743,False
Type4-FeWSiC,350.277,408.3619,396.91797,False
Type4-VZrSiN,243.127,310.85648,163.80812,False
Type4-CoTiGaB,189.529,253.66663,234.01799,False
Type4-MnScGeP,197.245,285.95016,249.88931,False
Type4-CrZrSiP,329.9,440.51517,405.01993,False
Type4-CrWGaN,176.905,199.04718,191.91965,False
Type4-CrTiSiP,321.872,284.70328,350.98737,False
Type4-NiScAlP,305.565,542.5757,373.22513,False
Type4-NiMoAlP,391.79,467.47845,440.8029,False
Type4-FeMoAlP,253.631,292.80173,290.38745,False
Type4-CoZrAlB,304.328,388.53275,321.95972,False
Type4-VMoAlC,-4.487,-31.954987,20.673096,True
Type4-VFeGeC,116.724,159.72643,69.90355,False
Type4-MnCuAlB,498.569,425.2735,431.91403,False
Type4-CoNiGeB,259.989,246.23984,237.77728,False
Type4-CoZrGaC,260.643,244.0379,163.38762,False
Type4-CoWSiC,479.829,545.95166,507.96115,False
Type4-CrWSiB,236.722,295.5306,250.54204,False
Type4-MnTaSiN,420.873,448.58435,423.6424,False
Type4-VMnSiN,335.6,364.72726,325.29724,False
Type4-CrScGaC,32.414,-2.2789917,40.966797,False
Type4-MnCuAlN,734.875,737.743,715.656,False
Type4-NiNbGeC,356.196,352.1712,301.5155,False
Type4-VZrGeP,152.19,298.02124,189.71095,False
Type4-CrZrAlN,327.217,314.762,317.0685,False
Type4-MnCoAlN,557.868,518.7996,512.3002,False
Type4-CoTiGeP,58.728,229.79251,194.95392,False
Type4-VWGaB,155.591,149.25461,153.44305,False
Type4-NiTaAlP,385.062,529.8419,482.194,False
Type4-FeMoSiP,274.875,267.09595,299.46213,False
Type4-CrCuSiB,583.349,464.61508,452.90033,False
Type4-CrCuAlP,330.849,362.79,369.88965,False
Type4-CoZrAlC,451.088,455.94464,404.09717,False
Type4-FeTiAlP,274.869,241.74188,333.25726,False
Type4-CrFeAlB,334.551,314.47278,289.7578,False
Type4-FeCuGeC,463.021,508.46045,482.73077,False
Type4-FeZrGaN,434.321,437.1683,353.35904,False
Type4-CoScGeP,107.699,260.792,207.96384,False
Type4-NiTiGeC,289.223,361.44888,266.70465,False
Type4-NiCuSiP,280.794,343.63736,326.00858,False
Type4-NiTaGeB,259.865,485.59253,278.2979,False
Type4-CrMnGeB,279.543,263.48575,266.706,False
Type4-CoTaSiN,620.866,635.92126,520.3653,False
Type4-CrMoGaB,185.476,216.32129,178.7335,False
Type4-CrZrGeN,268.707,263.6053,149.74258,False
Type4-FeCoGaN,180.098,166.91382,171.99895,False
Type4-FeTaGeC,177.939,228.9491,169.66049,False
Type4-FeNbGaN,292.543,323.14798,288.7251,False
Type4-NiWAlP,336.347,489.71826,374.52728,False
Type4-CrTaAlB,221.879,256.72766,257.98267,False
Type4-FeNbAlC,209.466,212.90527,183.13205,False
Type4-CoNbGaN,354.38,403.9602,349.60498,False
Type4-CrTaGaP,311.186,410.722,277.17334,False
Type4-VCoGeP,141.335,266.60776,220.47345,False
Type4-MnHfSiC,324.966,340.29037,250.42091,False
Type4-MnTaGaP,252.913,344.20798,274.79346,False
Type4-CrHfAlC,191.84,167.59624,120.70433,False
Type4-CrZrGaC,133.093,103.325226,71.20509,False
Type4-CrMoSiN,256.683,268.05753,284.07898,False
Type4-NiCuGeB,400.653,353.23154,400.4109,False
Type4-MnCoGeB,282.459,298.6245,260.7546,False
Type4-VMnAlP,299.989,307.64117,264.16608,False
Type4-CoCuGaP,243.782,281.92975,262.18524,False
Type4-CrTaAlP,375.19,397.2585,324.39612,False
Type4-VCuAlB,562.902,541.9491,567.5845,False
Type4-VWGaP,307.725,290.75858,290.90137,False
Type4-MnCoSiB,362.089,386.29855,355.07544,False
Type4-MnScAlN,438.238,440.89548,433.16568,False
Type4-VMnGaC,50.712,47.19391,17.670624,False
Type4-VTaGaB,141.742,162.98006,161.41333,False
Type4-VNbSiP,240.858,331.93127,295.22333,False
Type4-NiTaSiN,535.882,512.5762,498.38058,False
Type4-CoTaGeP,182.859,381.35126,246.07327,False
Type4-FeNiGeP,338.859,215.48831,210.7587,False
Type4-FeTiGaC,117.855,151.61765,78.2032,False
Type4-CoHfGeP,64.03,389.9276,216.2142,False
Type4-CrFeAlN,451.268,456.2248,434.88498,False
Type4-NiTaSiP,361.522,518.84314,418.03677,False
Type4-VNiSiB,383.28,436.49677,363.59204,False
Type4-VCuGaN,446.09,436.1355,399.33908,False
Type4-NiTiAlN,562.435,551.3947,534.8435,False
Type4-NiTaSiC,431.619,462.5791,410.0667,False
Type4-MnTaSiP,283.787,447.56583,348.50497,False
Type4-NiTiGeP,163.99,358.7533,231.59537,False
Type4-VCoGaN,299.305,306.56934,318.11313,False
Type4-VWSiC,85.014,121.22447,93.96088,False
Type4-VHfGeC,51.745,95.813934,35.607574,False
Type4-NiYGeB,181.592,260.37756,328.42343,False
Type4-FeNiAlN,662.844,668.9188,701.6443,False
Type4-CoYSiC,337.967,306.81265,304.30832,False
Type4-NiHfGaP,183.803,466.74567,308.62552,False
Type4-FeYGeC,309.695,225.12735,135.8263,False
Type4-CoScGaP,167.059,345.26727,173.38368,False
Type4-CrNbGaN,149.665,187.46248,124.57655,False
Type4-NiZrGeP,166.773,403.1722,281.19656,False
Type4-VYGaC,295.854,250.7379,157.96883,False
Type4-CrCuGaB,525.301,484.375,459.79977,False
Type4-CrZrAlB,390.551,404.40417,354.09534,False
Type4-MnScAlP,440.86,434.82654,400.42764,False
Type4-VTiGeC,12.64,6.9511414,-1.0458679,True
Type4-CrCoGaN,258.076,223.35925,241.42249,False
Type4-MnZrGeN,334.104,326.29578,258.8487,False
Type4-VCoAlP,301.099,359.12772,272.59344,False
Type4-MnHfGeB,250.629,250.33138,202.48038,False
Type4-VCuAlC,458.984,405.6209,419.18536,False
Type4-NiTaGeN,533.708,487.26355,451.02185,False
Type4-FeNbGaC,134.72,175.92703,114.966095,False
Type4-VNbAlC,42.307,38.99756,45.967834,False
Type4-FeWGaN,218.017,302.45596,295.12863,False
Type4-NiHfAlP,279.586,542.5299,412.76703,False
Type4-VScSiC,148.373,136.40857,175.1697,False
Type4-MnMoSiC,216.666,219.21071,182.6261,False
Type4-VFeSiN,414.122,440.2473,412.99567,False
Type4-VTiAlN,-2.182,-4.9006653,16.3349,True
Type4-FeTaAlN,400.471,425.59616,432.18436,False
Type4-CrMnGaB,238.876,242.1749,232.58014,False
Type4-MnMoSiP,460.489,278.44424,267.6933,False
Type4-VScGaN,95.099,111.401535,48.04065,False
Type4-CoCuGaC,479.426,485.37524,452.57318,False
Type4-CrHfGeC,116.506,155.57193,62.52205,False
Type4-CrMoGaP,373.011,362.01648,288.5965,False
Type4-CoMoGaP,204.212,281.89084,198.19171,False
Type4-FeYSiN,715.055,658.87573,627.4435,False
Type4-MnTiGaN,239.861,242.74496,198.30188,False
Type4-FeYGeB,403.035,382.9971,333.06058,False
Type4-MnZrGaB,344.556,323.13443,292.79294,False
Type4-VYAlP,435.53,462.6466,415.05225,False
Type4-VCrGeB,219.94,191.88818,198.26633,False
Type4-MnMoAlP,331.058,317.94827,287.45828,False
Type4-VCuGeB,505.921,579.6199,397.2722,False
Type4-MnMoSiB,234.121,313.93817,299.2373,False
Type4-CrCoGaC,102.04,166.14214,167.36842,False
Type4-VCrAlC,2.464,5.1121826,1.2383728,True
Type4-CrYSiC,365.698,270.24808,222.49782,False
Type4-FeCoGeP,137.344,162.17664,148.69635,False
Type4-FeNiGaP,277.545,273.53235,179.31552,False
Type4-FeWAlB,244.628,328.555,260.31384,False
Type4-VZrSiC,159.384,229.6112,76.416855,False
Type4-CrMoGeP,263.171,349.2478,284.29797,False
Type4-FeScGeC,102.62,139.03453,80.27858,False
Type4-NiZrAlB,298.07,403.09424,357.74292,False
Type4-CrCuAlB,538.405,504.89026,488.29758,False
Type4-MnNbGeP,123.003,260.43127,228.78368,False
Type4-CoZrGaP,113.657,412.0406,169.2561,False
Type4-CoScGeC,130.319,229.49103,124.46118,False
Type4-NiCuAlC,817.337,855.2662,761.45435,False
Type4-CrYGeB,671.132,533.982,533.44275,False
Type4-CrNiGaN,360.727,332.47263,316.2337,False
Type4-FeScGaN,419.665,398.196,430.52106,False
Type4-NiWGaN,373.273,448.3274,468.44604,False
Type4-CrTiGaP,238.438,313.47305,244.83807,False
Type4-VCuGeN,481.46,464.7795,418.29266,False
Type4-CrCoAlC,224.17,281.45865,300.88144,False
Type4-VMnAlN,229.102,221.9169,222.50822,False
Type4-MnYSiB,525.36,375.62537,241.90457,False
Type4-MnHfAlP,350.916,336.8704,333.35742,False
Type4-MnTiGaC,45.514,45.43445,36.4812,False
Type4-VNbAlP,295.969,323.25787,260.2133,False
Type4-CoNiGeN,382.92,401.9466,400.24435,False
Type4-CrZrSiB,440.94,435.59082,381.96094,False
Type4-CrTiAlP,318.029,281.27832,299.90854,False
Type4-FeZrGeB,256.543,283.99725,268.05652,False
Type4-VZrGaB,397.234,411.51688,307.93295,False
Type4-VTiAlC,-2.455,-11.0034485,-1.8175354,True
Type4-VTaGaP,202.68,339.14154,211.7788,False
Type4-VYGeC,350.514,283.81348,166.47504,False
Type4-CrHfAlB,322.998,335.5676,275.41995,False
Type4-NiZrGaC,356.101,399.82443,279.84753,False
Type4-MnTaAlP,350.617,345.16156,328.62302,False
Type4-MnZrAlP,355.847,310.4736,356.47186,False
Type4-MnWGaP,301.017,323.6891,325.9102,False
Type4-MnFeGeB,306.248,332.38074,286.9337,False
Type4-FeScAlB,309.459,284.0393,285.49298,False
Type4-MnNbGaN,189.432,233.0664,200.86963,False
Type4-CrTaGeC,88.573,110.94873,27.280365,False
Type4-NiWSiP,336.263,370.22983,291.5251,False
Type4-CoYGaB,270.537,224.17473,250.56804,False
Type4-CoScSiN,689.41,759.373,679.8878,False
Type4-NiCuGaP,245.678,231.96767,229.21266,False
Type4-VWGeC,56.051,60.576675,64.12993,False
Type4-MnNiGaN,285.396,272.40247,286.06693,False
Type4-VYGeB,683.394,578.56067,479.19266,False
Type4-CrCoAlB,423.728,426.92035,393.42834,False
Type4-VMoSiB,238.054,272.8555,229.67236,False
Type4-FeNiSiC,493.558,434.87973,473.72363,False
Type4-NiYAlC,383.123,524.78265,418.64056,False
Type4-CoNbGeB,164.07,312.6366,190.33261,False
Type4-FeHfGeN,392.75,406.0735,380.13892,False
Type4-CrNiAlB,443.101,460.32,435.2571,False
Type4-NiScSiP,240.391,466.2437,368.24103,False
Type4-VYSiC,382.23,329.11798,257.4256,False
Type4-CrNiGeP,347.353,353.38763,304.6887,False
Type4-CrScGeN,242.356,240.36917,139.65683,False
Type4-VTaGeC,0.028,27.719543,8.595428,True
Type4-MnScSiP,392.83,490.182,436.9632,False
Type4-FeYAlN,651.538,612.54443,563.6339,False
Type4-VCoSiN,536.554,560.1658,475.38385,False
Type4-CoMoAlP,303.564,434.16553,314.15253,False
Type4-MnWAlN,564.416,623.50183,599.7811,False
Type4-FeZrAlN,532.062,496.00684,480.64502,False
Type4-CrWGeC,135.71,134.5497,75.82689,False
Type4-FeCuGaP,279.166,347.052,298.13327,False
Type4-VFeGaC,118.675,126.73718,37.505554,False
Type4-MnNbGeN,217.261,267.77472,233.0407,False
Type4-CrMoGaN,104.984,125.123245,133.47237,False
Type4-CoWSiB,262.41,277.28506,315.75873,False
Type4-CrScAlB,393.141,364.6397,343.50818,False
Type4-MnTiGeP,161.597,195.1554,217.85452,False
Type4-FeNiSiB,331.657,348.61783,314.86545,False
Type4-NiHfGeP,200.95,416.6243,275.36844,False
Type4-NiZrSiN,559.221,572.6031,543.4585,False
Type4-NiTiAlC,487.855,481.98154,375.0606,False
Type4-VTaGaN,45.752,79.426056,110.364975,False
Type4-CrNbAlC,56.421,63.95584,72.57451,False
Type4-MnTaGaB,217.305,267.03583,179.02731,False
Type4-NiTiGeN,465.413,451.80643,422.20935,False
Type4-VHfGaP,234.207,379.85117,180.73254,False
Type4-CoScGaB,189.493,262.28955,214.82846,False
Type4-VMoSiC,91.543,83.20738,62.482895,False
Type4-CoScAlC,260.368,346.52722,300.22058,False
Type4-CrWSiP,385.378,365.78967,387.25693,False
Type4-NiTiGaC,334.402,372.89307,230.4826,False
Type4-VMoAlP,337.035,341.56006,268.98572,False
Type4-MnCuGaP,297.343,246.27336,346.64487,False
Type4-VTiGaP,205.097,287.9172,183.77982,False
Type4-MnTiGeN,263.8,262.3941,229.51134,False
Type4-VNbGaP,217.169,298.66125,199.93309,False
Type4-VFeGaP,221.544,293.75305,231.02205,False
Type4-FeHfGaP,188.812,268.4063,259.0812,False
Type4-MnCuGeP,314.291,280.68268,262.10422,False
Type4-VMnGaN,185.465,173.2346,133.28264,False
Type4-NiTaGeC,404.106,384.7367,318.4302,False
Type4-VYGaB,680.907,551.76495,532.4261,False
Type4-CoZrGeN,413.415,437.86658,370.01096,False
Type4-MnScGaP,301.94,298.60315,239.43707,False
Type4-VCrGeN,142.091,91.618,52.394104,False
Type4-CrTaSiN,360.704,359.83157,326.6301,False
Type4-VMnGaB,255.493,283.89545,224.67354,False
Type4-MnWGeP,279.478,291.5494,269.8457,False
Type4-CrTiGeC,-4.369,-7.960663,1.8656616,True
Type4-FeTaGaP,213.626,291.94336,239.3327,False
Type4-CoYAlN,805.672,778.0777,693.9855,False
Type4-CrTaGaB,202.891,274.244,171.97534,False
Type4-CrNbSiC,151.736,100.88719,85.19626,False
Type4-CrCuGeP,311.926,306.94916,259.23456,False
Type4-MnZrAlB,346.391,300.07352,270.1888,False
Type4-VHfGaB,291.669,310.82208,268.27643,False
Type4-VYAlC,263.309,206.38605,164.6432,False
Type4-MnMoGeB,235.06,259.18787,196.75482,False
Type4-CoZrSiP,178.385,450.19662,342.57776,False
Type4-CoTiAlB,353.667,380.08905,343.29504,False
Type4-MnCuAlP,285.835,327.54453,254.86844,False
Type4-CoYGaP,198.792,377.61993,277.4624,False
Type4-CoTaGaP,184.277,411.77048,269.20132,False
Type4-MnNiGaC,258.384,228.52878,228.05217,False
Type4-CoYSiB,192.225,309.35193,254.16673,False
Type4-CoNiSiN,615.488,639.999,632.4297,False
Type4-VZrGaP,255.236,394.3676,179.80746,False
Type4-VHfGeN,135.776,185.10062,78.83598,False
Type4-CoWSiP,330.03,417.17007,327.46863,False
Type4-NiHfSiC,395.056,445.17593,422.58817,False
Type4-CrScAlC,472.543,-10.285522,104.1965,False
Type4-NiTiGaP,166.13,349.253,277.2082,False
Type4-MnNiAlP,346.126,422.7146,393.09595,False
Type4-CrNbSiB,253.395,346.68063,267.8214,False
Type4-VFeGaB,337.428,340.41476,270.7952,False
Type4-VCrGaC,1.79,4.5717163,-0.27886963,True
Type4-VNbSiC,28.083,15.288269,16.672546,True
Type4-VFeSiP,252.44,442.93045,318.7643,False
Type4-CoScSiP,261.811,469.61334,324.7701,False
Type4-NiZrGeC,279.037,402.55423,298.08832,False
Type4-FeWSiN,558.77,584.9026,527.7645,False
Type4-CoHfGeC,274.469,315.08978,219.92957,False
Type4-FeTaGeP,119.729,255.3667,209.50719,False
Type4-FeScGaP,277.249,253.45914,236.02124,False
Type4-VWAlC,-31.005,-28.0271,39.629395,True
Type4-NiYSiN,570.385,703.2101,624.7448,False
Type4-CoCuSiP,328.647,344.6193,350.74496,False
Type4-CoZrAlN,681.341,609.9021,522.30194,False
Type4-NiNbGaC,282.736,342.22858,273.4032,False
Type4-CrWGeB,204.039,249.17087,190.36145,False
Type4-MnCoSiC,326.139,325.5486,342.75296,False
Type4-NiWGaB,284.314,376.8204,301.4958,False
Type4-CrTaGaN,189.686,250.40509,163.39897,False
Type4-VCuSiN,460.014,496.7318,431.10452,False
Type4-CoWAlP,379.797,438.20514,425.95102,False
Type4-FeTaGeB,217.374,291.815,207.00879,False
Type4-VNbGeN,101.544,89.25992,94.32817,False
Type4-FeTiSiB,383.57,434.60638,342.49295,False
Type4-MnTiSiB,317.914,363.84448,327.62646,False
Type4-MnFeGeP,267.11,264.0944,209.59564,False
Type4-VTaAlC,32.969,28.839142,44.37256,False
Type4-MnCoGaB,274.676,307.30814,236.74966,False
Type4-CrYGeN,332.378,253.51172,176.38074,False
Type4-CoNiSiP,299.089,260.93552,281.42123,False
Type4-CoMoSiB,272.03,224.93417,271.67902,False
Type4-CrHfSiP,356.151,476.43936,382.59964,False
Type4-CoNbSiP,240.765,491.51917,328.0084,False
Type4-NiTaAlC,453.458,466.4315,408.43173,False
Type4-MnHfGeN,342.621,342.25943,249.76328,False
Type4-NiMoGeB,277.365,361.2498,256.89056,False
Type4-VNiSiC,412.153,361.4924,372.3041,False
Type4-CoCuAlB,199.518,460.22318,332.87854,False
Type4-FeMoGaB,239.789,252.56502,203.61401,False
Type4-MnTiAlN,326.324,299.35516,264.16492,False
